person,status,team,role,email
Emma Smith,active,A,D,emma.smith@email.com
Noah Johnson,notactive,A,D,noah.johnson@email.com
Olivia Brown,active,A,D,olivia.brown@email.com
Liam Davis,active,A,D,liam.davis@email.com
Ava Wilson,active,A,D,ava.wilson@email.com
Isabella Jones,active,A,D,isabella.jones@email.com
Sophia Martinez,active,A,D,sophia.martinez@email.com
Mia Anderson,active,A,D,mia.anderson@email.com
Charlotte Taylor,active,A,D,charlotte.taylor@email.com
Amelia Thomas,active,A,D,amelia.thomas@email.com
Harper Moore,active,A,D,harper.moore@email.com
Evelyn Jackson,active,A,D,evelyn.jackson@email.com
Abigail White,active,A,D,abigail.white@email.com
Emily Harris,active,A,D,emily.harris@email.com
Elizabeth Martin,active,A,D,elizabeth.martin@email.com
Sofia Garcia,active,A,D,sofia.garcia@email.com
Benjamin Miller,active,A,D,benjamin.miller@email.com
Elijah Anderson,active,A,D,elijah.anderson@email.com
Henry Rodriguez,active,A,D,henry.rodriguez@email.com
Oliver Gonzalez,active,A,D,oliver.gonzalez@email.com
Samuel Lewis,active,A,D,samuel.lewis@email.com
Michael Walker,active,A,D,michael.walker@email.com
Sophia Hall,active,A,D,sophia.hall@email.com
Grace Baker,active,A,D,grace.baker@email.com
Lucas Perez,active,A,D,lucas.perez@email.com
William Green,active,A,D,william.green@email.com
Daniel Evans,active,A,D,daniel.evans@email.com
Harper Murphy,active,A,D,harper.murphy@email.com
Mia Turner,active,A,D,mia.turner@email.com
Ava King,active,A,D,ava.king@email.com
Elizabeth Parker,active,A,D,elizabeth.parker@email.com
Daniel Scott,active,A,D,daniel.scott@email.com
Abigail Cooper,active,A,D,abigail.cooper@email.com
Grace Bennett,active,A,D,grace.bennett@email.com
Mia Wood,active,A,D,mia.wood@email.com
Henry Hill,active,A,D,henry.hill@email.com
Liam Adams,active,A,D,liam.adams@email.com
Olivia Ross,active,A,D,olivia.ross@email.com
Emma Hayes,active,A,D,emma.hayes@email.com
William Long,active,A,D,william.long@email.com
James Reed,active,A,D,james.reed@email.com
Emily Watson,active,A,D,emily.watson@email.com
Alexander Brooks,active,A,D,alexander.brooks@email.com
Chloe Price,active,A,D,chloe.price@email.com
Daniel Carter,active,A,D,daniel.carter@email.com
Liam Harris,active,A,D,liam.harris@email.com
Harper Mitchell,active,A,D,harper.mitchell@email.com
Sophia Nelson,active,A,D,sophia.nelson@email.com
Benjamin Roberts,active,A,D,benjamin.roberts@email.com
Ava Campbell,active,A,D,ava.campbell@email.com
Elizabeth Davis,active,A,D,elizabeth.davis@email.com
Noah Flores,active,A,D,noah.flores@email.com
Mia Jenkins,active,A,D,mia.jenkins@email.com
Elijah Turner,active,A,D,elijah.turner@email.com
Charlotte Parker,active,A,D,charlotte.parker@email.com
James Reed,active,A,D,james.reed@email.com
Isabella Adams,active,A,D,isabella.adams@email.com
Mia Murphy,active,A,D,mia.murphy@email.com
Olivia Torres,active,A,D,olivia.torres@email.com
Benjamin Ward,active,B,D,benjamin.ward@email.com
Sophia Wright,active,B,D,sophia.wright@email.com
Henry Bennett,active,B,D,henry.bennett@email.com
Michael Davis,active,B,D,michael.davis@email.com
Daniel Martinez,active,B,D,daniel.martinez@email.com
Emily Nelson,active,B,D,emily.nelson@email.com
Grace Foster,active,B,D,grace.foster@email.com
William Rivera,active,B,D,william.rivera@email.com
Liam Peterson,active,B,D,liam.peterson@email.com
Alexander Wood,active,B,D,alexander.wood@email.com
Mia Powell,active,B,D,mia.powell@email.com
Harper Hayes,active,B,D,harper.hayes@email.com
Olivia Cooper,active,B,D,olivia.cooper@email.com
Benjamin Reed,active,B,D,benjamin.reed@email.com
Emma Bennett,active,B,D,emma.bennett@email.com
Noah Murphy,active,B,E,noah.murphy@email.com
Sophia Martin,active,B,E,sophia.martin@email.com
Liam Jenkins,active,B,E,liam.jenkins@email.com
Ava Smith,active,B,E,ava.smith@email.com
Grace Anderson,active,B,E,grace.anderson@email.com
Mia Wilson,active,B,E,mia.wilson@email.com
Olivia Davis,active,B,E,olivia.davis@email.com
Charlotte Roberts,active,B,E,charlotte.roberts@email.com
Amelia Ward,active,B,E,amelia.ward@email.com
Harper Turner,active,B,E,harper.turner@email.com
Emily King,active,B,E,emily.king@email.com
William Scott,active,B,E,william.scott@email.com
James White,active,B,E,james.white@email.com
Michael Allen,active,B,E,michael.allen@email.com
Alexander Young,active,B,E,alexander.young@email.com
Nick Biddiscombe,active,B,E,Nick.Biddiscombe@email.com
